user_id,event_type,event_time,platform
1,login,2026-02-18,web
1,view_note,2026-02-19,web
2,login,2026-02-05,web
2,view_note,2026-02-10,web
3,login,2026-02-03,web
3,view_note,2026-02-03,web
4,login,2026-02-18,web
5,login,2026-02-22,web
5,view_note,2026-02-27,web
6,login,2026-02-20,web
6,view_note,2026-02-24,web
7,login,2026-02-22,web
7,view_note,2026-02-27,web
7,create_note,2026-02-24,web
8,login,2026-02-11,web
8,view_note,2026-02-14,web
9,login,2026-03-01,web
9,create_note,2026-03-01,web
10,login,2026-02-24,web
10,view_note,2026-02-27,web
11,login,2026-02-04,web
11,view_note,2026-02-04,web
11,create_note,2026-02-07,web
12,login,2026-02-06,web
12,view_note,2026-02-10,web
13,login,2026-03-03,web
13,view_note,2026-03-08,web
14,login,2026-02-24,web
14,view_note,2026-02-25,web
15,login,2026-02-17,web
15,view_note,2026-02-19,web
16,login,2026-02-05,web
16,create_note,2026-02-06,web
17,login,2026-02-27,web
17,view_note,2026-03-02,web
18,login,2026-02-02,web
18,view_note,2026-02-05,web
19,login,2026-02-28,web
19,view_note,2026-03-01,web
20,login,2026-02-08,web
20,view_note,2026-02-09,web
21,login,2026-02-05,web
21,view_note,2026-02-07,web
21,create_note,2026-02-07,web
22,login,2026-02-21,web
22,view_note,2026-02-24,web
22,create_note,2026-02-26,web
23,login,2026-02-08,web
23,view_note,2026-02-09,web
23,create_note,2026-02-11,web
24,login,2026-02-07,web
25,login,2026-02-23,web
25,create_note,2026-02-24,web
26,login,2026-02-19,web
26,create_note,2026-02-23,web
27,login,2026-02-08,web
28,login,2026-02-02,web
28,view_note,2026-02-06,web
29,login,2026-02-05,web
29,view_note,2026-02-08,web
30,login,2026-02-06,web
30,view_note,2026-02-09,web
31,login,2026-03-03,web
32,login,2026-02-23,web
32,view_note,2026-02-26,web
33,login,2026-02-11,web
33,view_note,2026-02-11,web
34,login,2026-02-04,web
34,view_note,2026-02-08,web
34,create_note,2026-02-09,web
35,login,2026-02-19,web
36,login,2026-02-22,web
36,view_note,2026-02-22,web
36,create_note,2026-02-23,web
37,login,2026-02-15,web
37,view_note,2026-02-18,web
37,create_note,2026-02-15,web
38,login,2026-02-12,web
38,view_note,2026-02-14,web
38,create_note,2026-02-12,web
39,login,2026-02-04,web
39,view_note,2026-02-09,web
40,login,2026-02-07,web
40,view_note,2026-02-12,web
40,create_note,2026-02-07,web
41,login,2026-02-22,web
41,view_note,2026-02-25,web
41,create_note,2026-02-25,web
42,login,2026-02-13,web
42,view_note,2026-02-17,web
42,create_note,2026-02-15,web
43,login,2026-03-01,web
43,view_note,2026-03-05,web
44,login,2026-02-16,web
44,view_note,2026-02-17,web
45,login,2026-02-20,web
45,view_note,2026-02-21,web
46,login,2026-02-26,web
46,view_note,2026-02-27,web
47,login,2026-03-01,web
47,view_note,2026-03-03,web
48,login,2026-02-17,web
48,view_note,2026-02-20,web
49,login,2026-02-06,web
50,login,2026-02-18,web
51,login,2026-02-27,web
51,view_note,2026-03-02,web
52,login,2026-02-03,web
52,view_note,2026-02-03,web
52,create_note,2026-02-06,web
53,login,2026-02-08,web
53,view_note,2026-02-10,web
54,login,2026-02-12,web
54,view_note,2026-02-13,web
55,login,2026-02-10,web
55,create_note,2026-02-15,web
56,login,2026-02-05,web
56,view_note,2026-02-05,web
57,login,2026-02-12,web
57,view_note,2026-02-13,web
57,create_note,2026-02-16,web
58,login,2026-03-03,web
58,view_note,2026-03-08,web
59,login,2026-02-06,web
59,view_note,2026-02-11,web
60,login,2026-02-18,web
60,view_note,2026-02-21,web
61,login,2026-02-11,web
61,view_note,2026-02-15,web
61,create_note,2026-02-13,web
62,login,2026-02-05,web
62,view_note,2026-02-07,web
63,login,2026-03-02,web
64,login,2026-02-17,web
64,view_note,2026-02-19,web
64,create_note,2026-02-22,web
65,login,2026-02-07,web
66,login,2026-02-03,web
66,view_note,2026-02-07,web
66,create_note,2026-02-03,web
67,login,2026-02-12,web
67,view_note,2026-02-14,web
67,create_note,2026-02-15,web
68,login,2026-02-16,web
69,login,2026-02-09,web
70,login,2026-02-07,web
70,view_note,2026-02-09,web
71,login,2026-02-23,web
71,view_note,2026-02-25,web
72,login,2026-02-24,web
72,view_note,2026-03-01,web
73,login,2026-02-05,web
74,login,2026-02-19,web
75,login,2026-02-13,web
75,view_note,2026-02-16,web
76,login,2026-02-12,web
77,login,2026-02-19,web
77,view_note,2026-02-23,web
78,login,2026-02-08,web
78,view_note,2026-02-11,web
78,create_note,2026-02-10,web
79,login,2026-02-22,web
79,view_note,2026-02-23,web
80,login,2026-02-14,web
80,view_note,2026-02-17,web
81,login,2026-02-07,web
81,create_note,2026-02-11,web
82,login,2026-02-18,web
82,view_note,2026-02-22,web
82,create_note,2026-02-23,web
83,login,2026-02-24,web
83,view_note,2026-03-01,web
84,login,2026-02-17,web
84,view_note,2026-02-21,web
84,create_note,2026-02-17,web
85,login,2026-02-03,web
85,create_note,2026-02-04,web
86,login,2026-02-16,web
87,login,2026-02-23,web
87,view_note,2026-02-28,web
87,create_note,2026-02-23,web
88,login,2026-02-03,web
88,view_note,2026-02-06,web
89,login,2026-02-08,web
89,view_note,2026-02-11,web
90,login,2026-02-28,web
90,view_note,2026-03-03,web
90,create_note,2026-02-28,web
91,login,2026-02-23,web
91,view_note,2026-02-23,web
92,login,2026-02-22,web
92,view_note,2026-02-23,web
92,create_note,2026-02-27,web
93,login,2026-02-24,web
93,view_note,2026-02-27,web
93,create_note,2026-02-24,web
94,login,2026-02-11,web
94,create_note,2026-02-15,web
95,login,2026-03-01,web
95,create_note,2026-03-04,web
96,login,2026-02-15,web
97,login,2026-02-23,web
98,login,2026-02-27,web
98,create_note,2026-03-03,web
99,login,2026-02-16,web
99,view_note,2026-02-18,web
100,login,2026-02-11,web
100,view_note,2026-02-16,web
101,login,2026-02-18,web
101,view_note,2026-02-18,web
102,login,2026-02-23,web
103,login,2026-02-03,web
103,view_note,2026-02-06,web
104,login,2026-02-22,web
104,view_note,2026-02-23,web
105,login,2026-02-04,web
106,login,2026-02-14,web
106,view_note,2026-02-19,web
107,login,2026-02-18,web
108,login,2026-02-12,web
108,view_note,2026-02-15,web
108,create_note,2026-02-15,web
109,login,2026-03-01,web
109,view_note,2026-03-02,web
110,login,2026-02-04,web
110,view_note,2026-02-07,web
110,create_note,2026-02-07,web
111,login,2026-02-18,web
111,view_note,2026-02-20,web
112,login,2026-02-28,web
112,view_note,2026-03-04,web
113,login,2026-02-04,web
113,view_note,2026-02-08,web
113,create_note,2026-02-06,web
114,login,2026-02-17,web
114,create_note,2026-02-17,web
115,login,2026-03-01,web
115,view_note,2026-03-05,web
116,login,2026-02-03,web
116,view_note,2026-02-08,web
116,create_note,2026-02-06,web
117,login,2026-02-23,web
117,view_note,2026-02-24,web
118,login,2026-02-23,web
118,view_note,2026-02-27,web
119,login,2026-02-03,web
119,view_note,2026-02-05,web
119,create_note,2026-02-05,web
120,login,2026-02-11,web
120,view_note,2026-02-16,web
121,login,2026-02-09,web
121,view_note,2026-02-14,web
122,login,2026-02-26,web
123,login,2026-02-17,web
123,create_note,2026-02-19,web
124,login,2026-02-19,web
124,view_note,2026-02-19,web
125,login,2026-02-20,web
125,view_note,2026-02-23,web
126,login,2026-02-02,web
126,view_note,2026-02-04,web
127,login,2026-02-11,web
127,view_note,2026-02-13,web
128,login,2026-02-04,web
128,view_note,2026-02-09,web
128,create_note,2026-02-04,web
129,login,2026-02-13,web
130,login,2026-02-20,web
131,login,2026-02-06,web
131,view_note,2026-02-06,web
132,login,2026-02-08,web
132,create_note,2026-02-13,web
133,login,2026-03-01,web
133,create_note,2026-03-02,web
134,login,2026-02-24,web
134,view_note,2026-02-24,web
134,create_note,2026-03-01,web
135,login,2026-02-06,web
135,view_note,2026-02-11,web
135,create_note,2026-02-07,web
136,login,2026-02-28,web
136,view_note,2026-03-04,web
137,login,2026-02-25,web
137,view_note,2026-02-25,web
138,login,2026-02-28,web
138,create_note,2026-03-05,web
139,login,2026-02-16,web
139,view_note,2026-02-17,web
139,create_note,2026-02-21,web
140,login,2026-02-22,web
141,login,2026-02-11,web
141,view_note,2026-02-16,web
142,login,2026-02-04,web
142,create_note,2026-02-05,web
143,login,2026-02-11,web
144,login,2026-02-12,web
144,view_note,2026-02-14,web
144,create_note,2026-02-17,web
145,login,2026-02-12,web
145,view_note,2026-02-13,web
146,login,2026-02-26,web
146,view_note,2026-03-03,web
147,login,2026-02-06,web
147,view_note,2026-02-09,web
148,login,2026-02-05,web
148,view_note,2026-02-08,web
148,create_note,2026-02-10,web
149,login,2026-02-15,web
149,view_note,2026-02-20,web
150,login,2026-02-10,web
150,view_note,2026-02-12,web
151,login,2026-02-18,web
151,view_note,2026-02-22,web
151,create_note,2026-02-23,web
152,login,2026-02-02,web
152,create_note,2026-02-04,web
153,login,2026-02-14,web
153,view_note,2026-02-17,web
154,login,2026-02-21,web
155,login,2026-02-04,web
156,login,2026-02-27,web
156,view_note,2026-03-03,web
157,login,2026-02-22,web
157,view_note,2026-02-22,web
158,login,2026-02-15,web
159,login,2026-02-01,web
159,view_note,2026-02-05,web
160,login,2026-02-09,web
160,view_note,2026-02-10,web
161,login,2026-02-05,web
161,view_note,2026-02-08,web
161,create_note,2026-02-06,web
162,login,2026-02-22,web
163,login,2026-02-22,web
164,login,2026-02-12,web
164,create_note,2026-02-13,web
165,login,2026-02-27,web
165,view_note,2026-03-02,web
165,create_note,2026-03-03,web
166,login,2026-02-23,web
166,view_note,2026-02-27,web
167,login,2026-02-27,web
167,view_note,2026-03-04,web
168,login,2026-02-24,web
168,view_note,2026-02-26,web
168,create_note,2026-02-28,web
169,login,2026-02-01,web
169,create_note,2026-02-03,web
170,login,2026-02-22,web
170,view_note,2026-02-23,web
171,login,2026-02-24,web
171,view_note,2026-02-25,web
171,create_note,2026-02-28,web
172,login,2026-02-03,web
172,view_note,2026-02-08,web
172,create_note,2026-02-06,web
173,login,2026-02-17,web
173,view_note,2026-02-17,web
173,create_note,2026-02-22,web
174,login,2026-02-18,web
174,create_note,2026-02-19,web
175,login,2026-03-01,web
175,view_note,2026-03-02,web
176,login,2026-03-02,web
176,create_note,2026-03-07,web
177,login,2026-02-14,web
177,view_note,2026-02-17,web
177,create_note,2026-02-18,web
178,login,2026-02-24,web
178,view_note,2026-02-26,web
178,create_note,2026-02-25,web
179,login,2026-02-17,web
179,view_note,2026-02-21,web
180,login,2026-02-17,web
180,view_note,2026-02-22,web
181,login,2026-02-18,web
181,view_note,2026-02-23,web
181,create_note,2026-02-23,web
182,login,2026-02-24,web
182,view_note,2026-03-01,web
183,login,2026-02-27,web
184,login,2026-02-26,web
184,create_note,2026-03-02,web
185,login,2026-02-07,web
186,login,2026-02-15,web
186,view_note,2026-02-15,web
187,login,2026-02-18,web
187,view_note,2026-02-18,web
187,create_note,2026-02-23,web
188,login,2026-02-03,web
188,view_note,2026-02-07,web
189,login,2026-02-19,web
190,login,2026-03-03,web
190,view_note,2026-03-08,web
190,create_note,2026-03-03,web
191,login,2026-02-12,web
191,view_note,2026-02-16,web
192,login,2026-02-19,web
192,view_note,2026-02-19,web
192,create_note,2026-02-24,web
193,login,2026-02-28,web
193,view_note,2026-03-02,web
193,create_note,2026-03-04,web
194,login,2026-02-28,web
194,view_note,2026-02-28,web
195,login,2026-02-02,web
195,view_note,2026-02-04,web
196,login,2026-02-26,web
196,create_note,2026-03-03,web
197,login,2026-02-14,web
198,login,2026-02-03,web
198,view_note,2026-02-04,web
198,create_note,2026-02-06,web
199,login,2026-02-21,web
199,create_note,2026-02-26,web
200,login,2026-02-06,web
201,login,2026-02-11,web
201,view_note,2026-02-12,web
202,login,2026-02-13,web
203,login,2026-02-24,web
203,view_note,2026-02-28,web
204,login,2026-02-04,web
204,view_note,2026-02-08,web
205,login,2026-02-03,web
206,login,2026-02-09,web
207,login,2026-02-16,web
207,view_note,2026-02-20,web
207,create_note,2026-02-21,web
208,login,2026-03-01,web
208,view_note,2026-03-03,web
209,login,2026-02-22,web
209,create_note,2026-02-24,web
210,login,2026-02-12,web
210,view_note,2026-02-17,web
211,login,2026-02-26,web
211,view_note,2026-03-03,web
211,create_note,2026-03-02,web
212,login,2026-02-06,web
212,create_note,2026-02-09,web
213,login,2026-02-23,web
213,view_note,2026-02-23,web
213,create_note,2026-02-27,web
214,login,2026-02-25,web
215,login,2026-02-22,web
216,login,2026-02-16,web
216,view_note,2026-02-17,web
216,create_note,2026-02-21,web
217,login,2026-02-26,web
218,login,2026-02-17,web
218,view_note,2026-02-17,web
219,login,2026-02-21,web
219,view_note,2026-02-22,web
220,login,2026-02-17,web
220,view_note,2026-02-22,web
221,login,2026-02-24,web
222,login,2026-02-20,web
222,view_note,2026-02-22,web
223,login,2026-02-16,web
223,view_note,2026-02-20,web
223,create_note,2026-02-21,web
224,login,2026-02-14,web
224,view_note,2026-02-17,web
225,login,2026-02-07,web
225,view_note,2026-02-09,web
225,create_note,2026-02-08,web
226,login,2026-02-11,web
227,login,2026-02-08,web
227,view_note,2026-02-10,web
227,create_note,2026-02-08,web
228,login,2026-02-14,web
228,view_note,2026-02-15,web
229,login,2026-02-01,web
229,view_note,2026-02-06,web
229,create_note,2026-02-06,web
230,login,2026-02-17,web
231,login,2026-02-20,web
231,view_note,2026-02-24,web
232,login,2026-02-21,web
232,view_note,2026-02-21,web
233,login,2026-02-13,web
233,view_note,2026-02-16,web
234,login,2026-02-11,web
234,view_note,2026-02-14,web
235,login,2026-02-19,web
236,login,2026-02-13,web
237,login,2026-02-23,web
237,create_note,2026-02-25,web
238,login,2026-02-03,web
238,view_note,2026-02-06,web
239,login,2026-02-15,web
239,create_note,2026-02-15,web
240,login,2026-03-03,web
240,view_note,2026-03-08,web
241,login,2026-02-08,web
242,login,2026-02-03,web
242,view_note,2026-02-04,web
243,login,2026-02-19,web
243,create_note,2026-02-21,web
244,login,2026-03-03,web
244,create_note,2026-03-05,web
245,login,2026-03-01,web
245,create_note,2026-03-01,web
246,login,2026-02-18,web
247,login,2026-02-10,web
248,login,2026-02-09,web
248,view_note,2026-02-12,web
249,login,2026-02-02,web
249,view_note,2026-02-03,web
250,login,2026-02-27,web
250,view_note,2026-03-01,web
250,create_note,2026-02-27,web
251,login,2026-02-16,web
252,login,2026-02-14,web
252,view_note,2026-02-19,web
252,create_note,2026-02-14,web
253,login,2026-03-01,web
253,view_note,2026-03-01,web
253,create_note,2026-03-01,web
254,login,2026-03-01,web
254,view_note,2026-03-02,web
255,login,2026-02-23,web
255,view_note,2026-02-27,web
256,login,2026-02-22,web
256,view_note,2026-02-25,web
256,create_note,2026-02-26,web
257,login,2026-02-21,web
257,create_note,2026-02-21,web
258,login,2026-02-22,web
258,view_note,2026-02-25,web
258,create_note,2026-02-27,web
259,login,2026-02-24,web
259,view_note,2026-02-28,web
260,login,2026-02-15,web
260,view_note,2026-02-16,web
261,login,2026-02-06,web
261,view_note,2026-02-08,web
261,create_note,2026-02-08,web
262,login,2026-02-26,web
263,login,2026-02-07,web
263,view_note,2026-02-10,web
264,login,2026-02-17,web
264,view_note,2026-02-22,web
265,login,2026-02-03,web
265,view_note,2026-02-08,web
266,login,2026-02-17,web
266,view_note,2026-02-20,web
267,login,2026-02-18,web
267,view_note,2026-02-23,web
268,login,2026-02-26,web
269,login,2026-02-26,web
269,view_note,2026-03-02,web
270,login,2026-02-09,web
271,login,2026-02-15,web
271,view_note,2026-02-20,web
272,login,2026-03-01,web
272,view_note,2026-03-05,web
273,login,2026-02-28,web
273,view_note,2026-03-05,web
274,login,2026-02-18,web
274,view_note,2026-02-18,web
275,login,2026-02-15,web
275,view_note,2026-02-17,web
275,create_note,2026-02-17,web
276,login,2026-02-27,web
276,view_note,2026-03-02,web
277,login,2026-02-25,web
277,view_note,2026-03-01,web
278,login,2026-02-15,web
278,view_note,2026-02-20,web
278,create_note,2026-02-19,web
279,login,2026-02-23,web
279,view_note,2026-02-23,web
280,login,2026-02-06,web
281,login,2026-02-10,web
281,view_note,2026-02-14,web
281,create_note,2026-02-11,web
282,login,2026-02-10,web
283,login,2026-02-01,web
283,view_note,2026-02-03,web
283,create_note,2026-02-06,web
284,login,2026-02-19,web
285,login,2026-02-09,web
286,login,2026-02-06,web
286,view_note,2026-02-11,web
287,login,2026-02-06,web
287,create_note,2026-02-08,web
288,login,2026-02-09,web
288,view_note,2026-02-09,web
288,create_note,2026-02-12,web
289,login,2026-02-24,web
289,view_note,2026-02-28,web
289,create_note,2026-02-28,web
290,login,2026-02-14,web
290,view_note,2026-02-18,web
291,login,2026-02-10,web
291,view_note,2026-02-11,web
292,login,2026-02-22,web
292,view_note,2026-02-23,web
292,create_note,2026-02-27,web
293,login,2026-02-14,web
293,view_note,2026-02-16,web
293,create_note,2026-02-18,web
294,login,2026-02-18,web
294,view_note,2026-02-23,web
295,login,2026-02-20,web
295,view_note,2026-02-22,web
296,login,2026-02-11,web
296,view_note,2026-02-15,web
296,create_note,2026-02-12,web
297,login,2026-02-20,web
297,view_note,2026-02-24,web
298,login,2026-03-02,web
299,login,2026-02-18,web
299,view_note,2026-02-20,web
300,login,2026-02-23,web
300,create_note,2026-02-23,web
301,login,2026-02-06,web
301,view_note,2026-02-10,web
301,create_note,2026-02-07,web
302,login,2026-02-22,web
302,view_note,2026-02-24,web
302,create_note,2026-02-27,web
303,login,2026-02-12,web
303,view_note,2026-02-12,web
304,login,2026-02-28,web
304,view_note,2026-03-02,web
305,login,2026-02-21,web
305,view_note,2026-02-24,web
306,login,2026-02-24,web
306,view_note,2026-02-24,web
307,login,2026-02-23,web
307,create_note,2026-02-25,web
308,login,2026-02-04,web
308,view_note,2026-02-07,web
309,login,2026-02-24,web
309,create_note,2026-02-28,web
310,login,2026-02-06,web
310,view_note,2026-02-10,web
311,login,2026-02-16,web
311,create_note,2026-02-21,web
312,login,2026-02-06,web
312,view_note,2026-02-11,web
313,login,2026-02-25,web
314,login,2026-02-19,web
314,view_note,2026-02-21,web
315,login,2026-02-22,web
316,login,2026-02-07,web
316,view_note,2026-02-07,web
317,login,2026-02-02,web
317,view_note,2026-02-05,web
317,create_note,2026-02-04,web
318,login,2026-02-26,web
318,view_note,2026-03-03,web
319,login,2026-02-04,web
319,create_note,2026-02-04,web
320,login,2026-02-09,web
320,view_note,2026-02-14,web
321,login,2026-02-19,web
321,view_note,2026-02-23,web
322,login,2026-02-21,web
322,view_note,2026-02-24,web
322,create_note,2026-02-22,web
323,login,2026-02-25,web
323,create_note,2026-03-01,web
324,login,2026-02-16,web
324,view_note,2026-02-20,web
325,login,2026-02-04,web
325,view_note,2026-02-05,web
326,login,2026-02-05,web
326,view_note,2026-02-06,web
327,login,2026-02-24,web
327,view_note,2026-02-25,web
328,login,2026-02-22,web
328,view_note,2026-02-24,web
328,create_note,2026-02-23,web
329,login,2026-02-12,web
330,login,2026-03-01,web
330,view_note,2026-03-01,web
330,create_note,2026-03-01,web
331,login,2026-02-11,web
331,view_note,2026-02-16,web
332,login,2026-02-22,web
332,create_note,2026-02-24,web
333,login,2026-02-07,web
333,view_note,2026-02-07,web
334,login,2026-03-01,web
334,view_note,2026-03-06,web
334,create_note,2026-03-03,web
335,login,2026-02-22,web
335,view_note,2026-02-25,web
336,login,2026-02-19,web
336,view_note,2026-02-22,web
336,create_note,2026-02-21,web
337,login,2026-02-09,web
337,create_note,2026-02-10,web
338,login,2026-02-14,web
338,view_note,2026-02-14,web
339,login,2026-02-14,web
339,view_note,2026-02-18,web
340,login,2026-02-14,web
340,view_note,2026-02-19,web
341,login,2026-02-26,web
341,view_note,2026-03-01,web
342,login,2026-02-05,web
342,view_note,2026-02-05,web
342,create_note,2026-02-05,web
343,login,2026-02-19,web
343,view_note,2026-02-23,web
343,create_note,2026-02-20,web
344,login,2026-03-02,web
344,view_note,2026-03-03,web
345,login,2026-02-27,web
345,view_note,2026-02-28,web
346,login,2026-02-01,web
346,view_note,2026-02-03,web
347,login,2026-02-14,web
347,view_note,2026-02-14,web
348,login,2026-02-15,web
348,view_note,2026-02-20,web
348,create_note,2026-02-16,web
349,login,2026-02-20,web
349,create_note,2026-02-22,web
350,login,2026-02-13,web
351,login,2026-02-22,web
352,login,2026-02-17,web
352,view_note,2026-02-20,web
353,login,2026-03-02,web
353,view_note,2026-03-06,web
353,create_note,2026-03-02,web
354,login,2026-03-03,web
354,view_note,2026-03-05,web
355,login,2026-02-01,web
355,view_note,2026-02-03,web
355,create_note,2026-02-05,web
356,login,2026-02-21,web
356,view_note,2026-02-23,web
356,create_note,2026-02-26,web
357,login,2026-02-24,web
357,view_note,2026-03-01,web
357,create_note,2026-02-26,web
358,login,2026-02-17,web
358,view_note,2026-02-17,web
358,create_note,2026-02-21,web
359,login,2026-02-28,web
359,view_note,2026-03-01,web
360,login,2026-02-17,web
360,view_note,2026-02-19,web
361,login,2026-02-20,web
361,view_note,2026-02-21,web
362,login,2026-03-01,web
362,view_note,2026-03-06,web
362,create_note,2026-03-03,web
363,login,2026-02-01,web
363,view_note,2026-02-02,web
363,create_note,2026-02-03,web
364,login,2026-03-02,web
365,login,2026-02-13,web
365,view_note,2026-02-13,web
366,login,2026-02-11,web
366,view_note,2026-02-15,web
367,login,2026-03-01,web
367,create_note,2026-03-05,web
368,login,2026-02-02,web
368,view_note,2026-02-07,web
369,login,2026-02-19,web
369,view_note,2026-02-20,web
370,login,2026-02-04,web
371,login,2026-02-10,web
371,view_note,2026-02-15,web
371,create_note,2026-02-15,web
372,login,2026-02-20,web
372,view_note,2026-02-23,web
372,create_note,2026-02-20,web
373,login,2026-02-13,web
373,view_note,2026-02-18,web
374,login,2026-02-09,web
374,view_note,2026-02-10,web
375,login,2026-02-26,web
375,view_note,2026-02-27,web
375,create_note,2026-02-27,web
376,login,2026-02-20,web
376,view_note,2026-02-23,web
377,login,2026-02-18,web
377,create_note,2026-02-22,web
378,login,2026-02-12,web
378,view_note,2026-02-17,web
379,login,2026-03-03,web
379,view_note,2026-03-05,web
380,login,2026-02-09,web
380,view_note,2026-02-09,web
381,login,2026-03-03,web
381,view_note,2026-03-03,web
382,login,2026-02-27,web
382,create_note,2026-03-01,web
383,login,2026-02-03,web
383,view_note,2026-02-05,web
383,create_note,2026-02-06,web
384,login,2026-02-25,web
384,view_note,2026-03-02,web
384,create_note,2026-02-28,web
385,login,2026-02-02,web
386,login,2026-02-17,web
386,create_note,2026-02-22,web
387,login,2026-02-02,web
388,login,2026-02-03,web
388,view_note,2026-02-07,web
389,login,2026-02-18,web
389,view_note,2026-02-20,web
390,login,2026-02-04,web
390,view_note,2026-02-06,web
391,login,2026-02-24,web
391,view_note,2026-02-28,web
392,login,2026-02-20,web
392,create_note,2026-02-23,web
393,login,2026-02-14,web
394,login,2026-02-08,web
394,view_note,2026-02-12,web
395,login,2026-02-19,web
395,view_note,2026-02-22,web
396,login,2026-02-15,web
396,view_note,2026-02-16,web
397,login,2026-02-05,web
397,view_note,2026-02-07,web
397,create_note,2026-02-07,web
398,login,2026-02-22,web
399,login,2026-02-17,web
399,view_note,2026-02-22,web
400,login,2026-02-06,web
400,view_note,2026-02-09,web
401,login,2026-02-06,web
401,view_note,2026-02-07,web
401,create_note,2026-02-06,web
402,login,2026-03-01,web
402,view_note,2026-03-03,web
403,login,2026-02-08,web
403,view_note,2026-02-12,web
404,login,2026-02-13,web
404,view_note,2026-02-16,web
405,login,2026-02-15,web
405,view_note,2026-02-15,web
405,create_note,2026-02-19,web
406,login,2026-02-19,web
406,view_note,2026-02-19,web
406,create_note,2026-02-23,web
407,login,2026-03-01,web
407,view_note,2026-03-06,web
408,login,2026-02-18,web
408,view_note,2026-02-21,web
409,login,2026-02-08,web
409,view_note,2026-02-12,web
410,login,2026-02-04,web
410,view_note,2026-02-06,web
410,create_note,2026-02-05,web
411,login,2026-02-15,web
411,view_note,2026-02-16,web
412,login,2026-02-02,web
412,view_note,2026-02-07,web
413,login,2026-02-16,web
413,view_note,2026-02-16,web
414,login,2026-02-24,web
414,view_note,2026-02-28,web
414,create_note,2026-02-28,web
415,login,2026-02-21,web
415,view_note,2026-02-25,web
415,create_note,2026-02-24,web
416,login,2026-02-19,web
416,view_note,2026-02-23,web
417,login,2026-02-28,web
417,view_note,2026-02-28,web
418,login,2026-02-06,web
418,view_note,2026-02-09,web
419,login,2026-02-21,web
420,login,2026-02-17,web
420,view_note,2026-02-22,web
420,create_note,2026-02-19,web
421,login,2026-02-26,web
421,view_note,2026-02-27,web
422,login,2026-02-24,web
422,view_note,2026-02-27,web
423,login,2026-02-04,web
423,view_note,2026-02-08,web
424,login,2026-02-18,web
425,login,2026-02-19,web
425,view_note,2026-02-23,web
426,login,2026-02-17,web
427,login,2026-02-13,web
427,view_note,2026-02-13,web
428,login,2026-02-25,web
429,login,2026-03-01,web
430,login,2026-02-22,web
430,view_note,2026-02-24,web
431,login,2026-03-01,web
431,view_note,2026-03-06,web
431,create_note,2026-03-05,web
432,login,2026-02-07,web
432,view_note,2026-02-12,web
433,login,2026-02-04,web
433,view_note,2026-02-07,web
434,login,2026-02-05,web
434,view_note,2026-02-10,web
435,login,2026-02-25,web
435,create_note,2026-02-26,web
436,login,2026-02-11,web
436,view_note,2026-02-12,web
437,login,2026-02-22,web
437,view_note,2026-02-23,web
437,create_note,2026-02-23,web
438,login,2026-02-22,web
438,view_note,2026-02-23,web
438,create_note,2026-02-27,web
439,login,2026-02-04,web
440,login,2026-02-05,web
441,login,2026-02-10,web
442,login,2026-02-01,web
442,view_note,2026-02-01,web
442,create_note,2026-02-02,web
443,login,2026-02-13,web
443,create_note,2026-02-14,web
444,login,2026-02-11,web
445,login,2026-02-13,web
446,login,2026-02-16,web
446,view_note,2026-02-20,web
447,login,2026-02-01,web
448,login,2026-03-03,web
448,view_note,2026-03-07,web
449,login,2026-02-19,web
449,view_note,2026-02-19,web
450,login,2026-02-14,web
450,view_note,2026-02-18,web
451,login,2026-02-09,web
451,view_note,2026-02-11,web
451,create_note,2026-02-09,web
452,login,2026-02-02,web
452,view_note,2026-02-06,web
452,create_note,2026-02-04,web
453,login,2026-02-17,web
453,view_note,2026-02-22,web
454,login,2026-03-03,web
454,view_note,2026-03-04,web
455,login,2026-02-20,web
455,view_note,2026-02-23,web
456,login,2026-03-03,web
456,create_note,2026-03-07,web
457,login,2026-02-18,web
457,view_note,2026-02-21,web
457,create_note,2026-02-23,web
458,login,2026-02-08,web
458,view_note,2026-02-13,web
458,create_note,2026-02-10,web
459,login,2026-02-13,web
460,login,2026-02-08,web
460,view_note,2026-02-08,web
461,login,2026-02-28,web
461,view_note,2026-03-02,web
461,create_note,2026-03-02,web
462,login,2026-02-26,web
462,view_note,2026-03-03,web
463,login,2026-03-01,web
463,view_note,2026-03-06,web
464,login,2026-02-14,web
464,create_note,2026-02-14,web
465,login,2026-02-06,web
465,view_note,2026-02-06,web
465,create_note,2026-02-07,web
466,login,2026-02-27,web
466,view_note,2026-03-01,web
467,login,2026-02-06,web
467,view_note,2026-02-08,web
467,create_note,2026-02-07,web
468,login,2026-02-05,web
468,view_note,2026-02-06,web
468,create_note,2026-02-09,web
469,login,2026-02-13,web
469,view_note,2026-02-16,web
469,create_note,2026-02-18,web
470,login,2026-02-27,web
470,view_note,2026-03-04,web
471,login,2026-03-01,web
471,view_note,2026-03-06,web
472,login,2026-02-07,web
472,view_note,2026-02-10,web
472,create_note,2026-02-12,web
473,login,2026-02-27,web
473,view_note,2026-03-03,web
474,login,2026-02-01,web
474,view_note,2026-02-01,web
475,login,2026-03-01,web
476,login,2026-02-06,web
476,view_note,2026-02-06,web
477,login,2026-02-06,web
477,view_note,2026-02-06,web
478,login,2026-02-20,web
478,view_note,2026-02-22,web
479,login,2026-02-02,web
479,view_note,2026-02-07,web
479,create_note,2026-02-06,web
480,login,2026-02-09,web
481,login,2026-02-22,web
481,create_note,2026-02-25,web
482,login,2026-02-14,web
482,view_note,2026-02-16,web
482,create_note,2026-02-17,web
483,login,2026-02-05,web
484,login,2026-02-06,web
484,view_note,2026-02-10,web
485,login,2026-02-24,web
485,view_note,2026-02-28,web
486,login,2026-02-03,web
486,view_note,2026-02-04,web
487,login,2026-02-05,web
487,view_note,2026-02-09,web
488,login,2026-02-07,web
488,view_note,2026-02-10,web
489,login,2026-02-02,web
489,view_note,2026-02-05,web
489,create_note,2026-02-06,web
490,login,2026-02-26,web
490,view_note,2026-03-03,web
490,create_note,2026-03-03,web
491,login,2026-03-03,web
491,view_note,2026-03-03,web
491,create_note,2026-03-06,web
492,login,2026-02-21,web
492,view_note,2026-02-22,web
493,login,2026-03-02,web
493,view_note,2026-03-03,web
494,login,2026-02-28,web
494,view_note,2026-03-04,web
494,create_note,2026-03-04,web
495,login,2026-02-02,web
495,view_note,2026-02-02,web
496,login,2026-03-03,web
496,view_note,2026-03-08,web
496,create_note,2026-03-06,web
497,login,2026-02-25,web
497,create_note,2026-02-25,web
498,login,2026-02-24,web
498,view_note,2026-03-01,web
498,create_note,2026-02-26,web
499,login,2026-02-20,web
499,create_note,2026-02-22,web
500,login,2026-02-27,web
500,view_note,2026-02-27,web
501,login,2026-02-02,web
501,create_note,2026-02-02,web
502,login,2026-02-05,web
502,view_note,2026-02-05,web
502,create_note,2026-02-05,web
503,login,2026-02-07,web
503,create_note,2026-02-09,web
504,login,2026-02-18,web
504,view_note,2026-02-23,web
505,login,2026-02-09,web
505,view_note,2026-02-09,web
506,login,2026-03-01,web
507,login,2026-02-21,web
507,view_note,2026-02-26,web
508,login,2026-02-17,web
509,login,2026-02-11,web
509,view_note,2026-02-14,web
509,create_note,2026-02-11,web
510,login,2026-02-27,web
510,create_note,2026-03-04,web
511,login,2026-02-15,web
512,login,2026-02-03,web
512,view_note,2026-02-08,web
512,create_note,2026-02-08,web
513,login,2026-02-10,web
513,view_note,2026-02-10,web
514,login,2026-02-19,web
514,view_note,2026-02-24,web
515,login,2026-02-02,web
515,view_note,2026-02-05,web
516,login,2026-02-08,web
516,create_note,2026-02-13,web
517,login,2026-02-16,web
518,login,2026-03-03,web
519,login,2026-03-02,web
519,create_note,2026-03-04,web
520,login,2026-02-15,web
520,view_note,2026-02-18,web
521,login,2026-02-01,web
521,view_note,2026-02-01,web
522,login,2026-02-09,web
522,view_note,2026-02-14,web
522,create_note,2026-02-10,web
523,login,2026-02-19,web
523,view_note,2026-02-19,web
523,create_note,2026-02-23,web
524,login,2026-02-17,web
524,view_note,2026-02-20,web
524,create_note,2026-02-22,web
525,login,2026-02-05,web
525,view_note,2026-02-09,web
526,login,2026-02-11,web
526,view_note,2026-02-12,web
527,login,2026-02-23,web
527,create_note,2026-02-27,web
528,login,2026-02-03,web
528,view_note,2026-02-08,web
528,create_note,2026-02-05,web
529,login,2026-02-22,web
529,view_note,2026-02-25,web
529,create_note,2026-02-22,web
530,login,2026-02-26,web
530,view_note,2026-02-28,web
531,login,2026-02-27,web
531,create_note,2026-02-28,web
532,login,2026-02-19,web
532,view_note,2026-02-21,web
533,login,2026-03-03,web
533,view_note,2026-03-04,web
533,create_note,2026-03-03,web
534,login,2026-02-14,web
534,view_note,2026-02-15,web
534,create_note,2026-02-19,web
535,login,2026-03-03,web
535,view_note,2026-03-05,web
536,login,2026-02-03,web
537,login,2026-02-15,web
537,view_note,2026-02-17,web
538,login,2026-03-02,web
538,view_note,2026-03-02,web
538,create_note,2026-03-05,web
539,login,2026-02-03,web
539,view_note,2026-02-03,web
540,login,2026-02-14,web
540,view_note,2026-02-17,web
541,login,2026-03-02,web
542,login,2026-02-22,web
543,login,2026-02-04,web
543,view_note,2026-02-06,web
544,login,2026-02-21,web
544,view_note,2026-02-24,web
545,login,2026-02-14,web
545,view_note,2026-02-16,web
546,login,2026-02-03,web
546,view_note,2026-02-05,web
546,create_note,2026-02-06,web
547,login,2026-02-09,web
547,view_note,2026-02-10,web
548,login,2026-03-02,web
548,view_note,2026-03-07,web
549,login,2026-02-24,web
550,login,2026-02-02,web
550,view_note,2026-02-03,web
551,login,2026-02-06,web
551,view_note,2026-02-11,web
552,login,2026-02-12,web
553,login,2026-02-02,web
553,view_note,2026-02-05,web
553,create_note,2026-02-02,web
554,login,2026-02-25,web
555,login,2026-02-24,web
556,login,2026-02-20,web
557,login,2026-02-01,web
557,view_note,2026-02-03,web
557,create_note,2026-02-06,web
558,login,2026-02-04,web
558,view_note,2026-02-09,web
558,create_note,2026-02-06,web
559,login,2026-02-16,web
560,login,2026-02-24,web
560,view_note,2026-02-27,web
561,login,2026-02-10,web
561,view_note,2026-02-12,web
561,create_note,2026-02-13,web
562,login,2026-02-17,web
562,view_note,2026-02-22,web
563,login,2026-02-13,web
563,view_note,2026-02-15,web
564,login,2026-02-09,web
564,view_note,2026-02-09,web
565,login,2026-02-24,web
565,view_note,2026-02-26,web
565,create_note,2026-02-26,web
566,login,2026-02-26,web
566,view_note,2026-02-28,web
567,login,2026-02-09,web
567,view_note,2026-02-10,web
567,create_note,2026-02-09,web
568,login,2026-02-09,web
568,view_note,2026-02-12,web
568,create_note,2026-02-12,web
569,login,2026-02-05,web
569,view_note,2026-02-08,web
570,login,2026-02-28,web
570,create_note,2026-03-05,web
571,login,2026-02-20,web
571,view_note,2026-02-20,web
572,login,2026-03-01,web
572,view_note,2026-03-06,web
572,create_note,2026-03-04,web
573,login,2026-02-23,web
573,view_note,2026-02-25,web
574,login,2026-02-19,web
575,login,2026-02-24,web
575,view_note,2026-02-28,web
575,create_note,2026-02-26,web
576,login,2026-03-03,web
577,login,2026-03-03,web
577,create_note,2026-03-03,web
578,login,2026-02-04,web
578,create_note,2026-02-07,web
579,login,2026-02-21,web
579,view_note,2026-02-26,web
579,create_note,2026-02-21,web
580,login,2026-02-07,web
580,view_note,2026-02-10,web
581,login,2026-02-12,web
581,view_note,2026-02-16,web
581,create_note,2026-02-13,web
582,login,2026-02-05,web
582,view_note,2026-02-10,web
583,login,2026-02-14,web
584,login,2026-02-28,web
584,view_note,2026-03-03,web
584,create_note,2026-03-03,web
585,login,2026-02-18,web
585,view_note,2026-02-23,web
586,login,2026-03-01,web
586,view_note,2026-03-04,web
587,login,2026-02-24,web
588,login,2026-02-22,web
589,login,2026-02-12,web
590,login,2026-02-21,web
591,login,2026-02-24,web
592,login,2026-03-02,web
593,login,2026-02-07,web
593,view_note,2026-02-09,web
593,create_note,2026-02-12,web
594,login,2026-02-28,web
595,login,2026-03-01,web
595,view_note,2026-03-06,web
595,create_note,2026-03-05,web
596,login,2026-02-25,web
596,view_note,2026-02-25,web
597,login,2026-02-22,web
597,create_note,2026-02-22,web
598,login,2026-03-01,web
598,create_note,2026-03-03,web
599,login,2026-02-14,web
600,login,2026-02-02,web
600,view_note,2026-02-05,web
601,login,2026-02-15,web
601,view_note,2026-02-20,web
602,login,2026-02-07,web
602,view_note,2026-02-08,web
602,create_note,2026-02-07,web
603,login,2026-02-26,web
603,view_note,2026-03-02,web
603,create_note,2026-03-02,web
604,login,2026-02-21,web
605,login,2026-03-01,web
606,login,2026-02-25,web
607,login,2026-03-02,web
607,view_note,2026-03-02,web
607,create_note,2026-03-05,web
608,login,2026-02-06,web
609,login,2026-02-12,web
610,login,2026-02-11,web
610,create_note,2026-02-15,web
611,login,2026-02-19,web
611,view_note,2026-02-21,web
611,create_note,2026-02-23,web
612,login,2026-02-26,web
612,view_note,2026-02-28,web
612,create_note,2026-02-28,web
613,login,2026-02-13,web
613,view_note,2026-02-18,web
614,login,2026-02-05,web
615,login,2026-02-23,web
615,view_note,2026-02-23,web
615,create_note,2026-02-26,web
616,login,2026-03-02,web
616,create_note,2026-03-06,web
617,login,2026-02-09,web
617,view_note,2026-02-09,web
618,login,2026-02-24,web
618,view_note,2026-02-25,web
618,create_note,2026-02-27,web
619,login,2026-02-21,web
619,view_note,2026-02-24,web
620,login,2026-02-25,web
620,view_note,2026-02-27,web
621,login,2026-02-19,web
621,view_note,2026-02-20,web
622,login,2026-02-08,web
622,view_note,2026-02-12,web
622,create_note,2026-02-08,web
623,login,2026-03-02,web
623,create_note,2026-03-07,web
624,login,2026-03-01,web
624,view_note,2026-03-03,web
624,create_note,2026-03-06,web
625,login,2026-02-16,web
625,view_note,2026-02-19,web
626,login,2026-02-21,web
626,view_note,2026-02-23,web
627,login,2026-02-26,web
627,view_note,2026-03-01,web
628,login,2026-02-07,web
628,view_note,2026-02-09,web
629,login,2026-03-03,web
629,view_note,2026-03-05,web
630,login,2026-03-03,web
630,view_note,2026-03-05,web
631,login,2026-02-24,web
631,view_note,2026-02-24,web
631,create_note,2026-03-01,web
632,login,2026-02-25,web
632,view_note,2026-02-26,web
632,create_note,2026-02-27,web
633,login,2026-02-17,web
633,view_note,2026-02-20,web
634,login,2026-02-11,web
634,view_note,2026-02-15,web
635,login,2026-02-14,web
635,create_note,2026-02-14,web
636,login,2026-02-20,web
636,view_note,2026-02-21,web
637,login,2026-02-13,web
637,view_note,2026-02-17,web
638,login,2026-02-26,web
638,view_note,2026-02-27,web
639,login,2026-02-28,web
639,view_note,2026-02-28,web
639,create_note,2026-03-01,web
640,login,2026-02-27,web
640,view_note,2026-02-27,web
640,create_note,2026-03-02,web
641,login,2026-02-03,web
641,view_note,2026-02-08,web
642,login,2026-02-27,web
642,view_note,2026-03-02,web
643,login,2026-02-18,web
643,view_note,2026-02-19,web
644,login,2026-02-06,web
644,view_note,2026-02-11,web
645,login,2026-02-01,web
645,view_note,2026-02-06,web
646,login,2026-02-12,web
647,login,2026-02-05,web
647,view_note,2026-02-08,web
647,create_note,2026-02-06,web
648,login,2026-02-09,web
648,create_note,2026-02-10,web
649,login,2026-02-24,web
649,view_note,2026-02-28,web
650,login,2026-03-02,web
650,view_note,2026-03-06,web
651,login,2026-02-04,web
651,view_note,2026-02-05,web
651,create_note,2026-02-08,web
652,login,2026-03-01,web
652,view_note,2026-03-06,web
653,login,2026-02-01,web
653,view_note,2026-02-01,web
653,create_note,2026-02-06,web
654,login,2026-02-08,web
654,view_note,2026-02-11,web
654,create_note,2026-02-09,web
655,login,2026-02-03,web
655,view_note,2026-02-08,web
656,login,2026-03-02,web
656,view_note,2026-03-02,web
656,create_note,2026-03-02,web
657,login,2026-02-06,web
657,create_note,2026-02-10,web
658,login,2026-02-26,web
658,view_note,2026-02-28,web
659,login,2026-02-13,web
659,create_note,2026-02-14,web
660,login,2026-02-05,web
661,login,2026-02-05,web
661,view_note,2026-02-10,web
662,login,2026-03-03,web
662,view_note,2026-03-08,web
663,login,2026-02-26,web
664,login,2026-02-28,web
665,login,2026-02-02,web
665,view_note,2026-02-02,web
666,login,2026-02-12,web
666,view_note,2026-02-17,web
667,login,2026-02-01,web
667,view_note,2026-02-05,web
667,create_note,2026-02-06,web
668,login,2026-02-28,web
668,view_note,2026-03-04,web
668,create_note,2026-03-02,web
669,login,2026-02-15,web
669,view_note,2026-02-20,web
670,login,2026-02-21,web
671,login,2026-02-23,web
671,view_note,2026-02-25,web
672,login,2026-02-25,web
672,create_note,2026-02-27,web
673,login,2026-02-11,web
674,login,2026-02-19,web
675,login,2026-02-03,web
675,view_note,2026-02-04,web
675,create_note,2026-02-03,web
676,login,2026-02-11,web
676,view_note,2026-02-12,web
677,login,2026-02-06,web
677,view_note,2026-02-11,web
677,create_note,2026-02-10,web
678,login,2026-02-26,web
678,view_note,2026-03-03,web
678,create_note,2026-02-26,web
679,login,2026-02-01,web
679,view_note,2026-02-05,web
680,login,2026-02-10,web
680,view_note,2026-02-15,web
680,create_note,2026-02-13,web
681,login,2026-02-14,web
682,login,2026-02-20,web
682,view_note,2026-02-21,web
682,create_note,2026-02-20,web
683,login,2026-02-22,web
683,view_note,2026-02-23,web
683,create_note,2026-02-23,web
684,login,2026-03-03,web
684,view_note,2026-03-06,web
685,login,2026-02-18,web
685,view_note,2026-02-20,web
685,create_note,2026-02-20,web
686,login,2026-02-24,web
687,login,2026-02-04,web
687,view_note,2026-02-04,web
688,login,2026-02-14,web
688,view_note,2026-02-18,web
689,login,2026-02-22,web
689,view_note,2026-02-25,web
690,login,2026-02-28,web
690,view_note,2026-03-02,web
691,login,2026-02-22,web
691,view_note,2026-02-22,web
691,create_note,2026-02-25,web
692,login,2026-02-11,web
693,login,2026-02-06,web
693,view_note,2026-02-07,web
694,login,2026-02-11,web
694,view_note,2026-02-15,web
695,login,2026-02-02,web
695,create_note,2026-02-02,web
696,login,2026-02-14,web
696,view_note,2026-02-14,web
696,create_note,2026-02-18,web
697,login,2026-02-07,web
697,create_note,2026-02-07,web
698,login,2026-02-09,web
698,view_note,2026-02-09,web
699,login,2026-02-22,web
699,create_note,2026-02-26,web
700,login,2026-02-09,web
700,view_note,2026-02-14,web
701,login,2026-02-19,web
701,view_note,2026-02-22,web
702,login,2026-02-01,web
703,login,2026-02-25,web
703,view_note,2026-03-02,web
703,create_note,2026-02-28,web
704,login,2026-02-14,web
705,login,2026-02-23,web
705,view_note,2026-02-28,web
706,login,2026-02-06,web
706,view_note,2026-02-11,web
707,login,2026-02-28,web
708,login,2026-02-27,web
708,create_note,2026-03-02,web
709,login,2026-02-21,web
709,view_note,2026-02-23,web
709,create_note,2026-02-25,web
710,login,2026-02-20,web
710,view_note,2026-02-25,web
711,login,2026-02-04,web
711,create_note,2026-02-04,web
712,login,2026-02-28,web
712,view_note,2026-02-28,web
713,login,2026-02-02,web
713,view_note,2026-02-02,web
713,create_note,2026-02-04,web
714,login,2026-02-13,web
715,login,2026-02-20,web
715,create_note,2026-02-20,web
716,login,2026-02-27,web
716,view_note,2026-03-04,web
717,login,2026-02-08,web
717,view_note,2026-02-13,web
718,login,2026-02-02,web
719,login,2026-03-03,web
720,login,2026-02-21,web
720,view_note,2026-02-22,web
721,login,2026-02-27,web
721,view_note,2026-02-28,web
722,login,2026-02-26,web
723,login,2026-02-22,web
723,view_note,2026-02-23,web
724,login,2026-02-11,web
724,view_note,2026-02-16,web
725,login,2026-02-27,web
726,login,2026-02-10,web
726,view_note,2026-02-11,web
726,create_note,2026-02-13,web
727,login,2026-02-10,web
727,view_note,2026-02-14,web
727,create_note,2026-02-15,web
728,login,2026-02-21,web
729,login,2026-02-03,web
729,view_note,2026-02-08,web
729,create_note,2026-02-07,web
730,login,2026-02-13,web
730,view_note,2026-02-16,web
730,create_note,2026-02-17,web
731,login,2026-02-06,web
732,login,2026-02-03,web
732,view_note,2026-02-08,web
733,login,2026-02-06,web
733,view_note,2026-02-11,web
733,create_note,2026-02-10,web
734,login,2026-02-05,web
734,create_note,2026-02-07,web
735,login,2026-02-07,web
735,create_note,2026-02-12,web
736,login,2026-02-09,web
736,view_note,2026-02-13,web
737,login,2026-02-02,web
737,create_note,2026-02-04,web
738,login,2026-02-13,web
738,create_note,2026-02-14,web
739,login,2026-02-08,web
739,view_note,2026-02-08,web
740,login,2026-02-26,web
740,view_note,2026-03-01,web
740,create_note,2026-03-02,web
741,login,2026-02-16,web
741,view_note,2026-02-21,web
742,login,2026-02-05,web
742,view_note,2026-02-06,web
743,login,2026-02-11,web
743,create_note,2026-02-11,web
744,login,2026-02-26,web
744,create_note,2026-02-26,web
745,login,2026-02-28,web
745,create_note,2026-03-04,web
746,login,2026-03-01,web
746,create_note,2026-03-05,web
747,login,2026-02-10,web
747,view_note,2026-02-10,web
748,login,2026-03-03,web
748,view_note,2026-03-08,web
749,login,2026-03-03,web
750,login,2026-02-22,web
751,login,2026-02-17,web
751,view_note,2026-02-17,web
752,login,2026-02-18,web
752,view_note,2026-02-23,web
753,login,2026-02-01,web
754,login,2026-02-05,web
754,view_note,2026-02-09,web
755,login,2026-02-26,web
755,view_note,2026-02-28,web
756,login,2026-02-04,web
756,view_note,2026-02-05,web
757,login,2026-02-19,web
757,view_note,2026-02-24,web
758,login,2026-02-28,web
759,login,2026-02-10,web
759,view_note,2026-02-15,web
760,login,2026-02-09,web
760,view_note,2026-02-13,web
760,create_note,2026-02-09,web
761,login,2026-02-21,web
761,create_note,2026-02-22,web
762,login,2026-02-23,web
762,view_note,2026-02-27,web
762,create_note,2026-02-27,web
763,login,2026-02-23,web
763,view_note,2026-02-27,web
764,login,2026-02-18,web
764,view_note,2026-02-21,web
764,create_note,2026-02-18,web
765,login,2026-02-21,web
765,view_note,2026-02-24,web
766,login,2026-02-16,web
767,login,2026-02-02,web
767,view_note,2026-02-06,web
767,create_note,2026-02-03,web
768,login,2026-02-20,web
768,create_note,2026-02-21,web
769,login,2026-02-27,web
769,create_note,2026-03-01,web
770,login,2026-02-05,web
770,view_note,2026-02-05,web
770,create_note,2026-02-10,web
771,login,2026-03-02,web
771,create_note,2026-03-04,web
772,login,2026-02-22,web
772,view_note,2026-02-23,web
773,login,2026-02-24,web
773,view_note,2026-02-24,web
774,login,2026-02-12,web
774,view_note,2026-02-15,web
775,login,2026-02-13,web
775,view_note,2026-02-14,web
776,login,2026-03-02,web
776,view_note,2026-03-07,web
776,create_note,2026-03-07,web
777,login,2026-02-15,web
778,login,2026-02-09,web
778,view_note,2026-02-10,web
778,create_note,2026-02-13,web
779,login,2026-02-25,web
779,view_note,2026-03-02,web
779,create_note,2026-02-25,web
780,login,2026-02-03,web
780,create_note,2026-02-08,web
781,login,2026-03-02,web
781,view_note,2026-03-05,web
781,create_note,2026-03-07,web
782,login,2026-02-28,web
782,view_note,2026-03-04,web
783,login,2026-02-20,web
783,view_note,2026-02-23,web
784,login,2026-02-06,web
784,view_note,2026-02-08,web
785,login,2026-02-27,web
786,login,2026-02-26,web
786,view_note,2026-03-03,web
787,login,2026-02-14,web
787,view_note,2026-02-18,web
788,login,2026-02-05,web
788,view_note,2026-02-07,web
789,login,2026-02-08,web
789,view_note,2026-02-12,web
790,login,2026-02-22,web
790,create_note,2026-02-26,web
791,login,2026-02-28,web
792,login,2026-02-13,web
792,view_note,2026-02-17,web
792,create_note,2026-02-15,web
793,login,2026-02-24,web
793,view_note,2026-02-24,web
793,create_note,2026-02-27,web
794,login,2026-02-19,web
795,login,2026-02-04,web
795,view_note,2026-02-08,web
795,create_note,2026-02-06,web
796,login,2026-02-25,web
796,create_note,2026-02-26,web
797,login,2026-02-25,web
797,view_note,2026-02-28,web
798,login,2026-02-05,web
798,create_note,2026-02-08,web
799,login,2026-02-17,web
799,view_note,2026-02-19,web
800,login,2026-02-05,web
800,view_note,2026-02-10,web
801,login,2026-02-28,web
801,view_note,2026-03-01,web
802,login,2026-02-03,web
803,login,2026-02-07,web
803,view_note,2026-02-12,web
803,create_note,2026-02-08,web
804,login,2026-02-11,web
804,create_note,2026-02-11,web
805,login,2026-02-17,web
805,view_note,2026-02-17,web
806,login,2026-03-01,web
806,view_note,2026-03-04,web
807,login,2026-02-09,web
808,login,2026-02-10,web
809,login,2026-02-07,web
809,view_note,2026-02-11,web
810,login,2026-03-02,web
811,login,2026-02-09,web
811,view_note,2026-02-13,web
812,login,2026-03-03,web
812,create_note,2026-03-08,web
813,login,2026-02-04,web
813,view_note,2026-02-05,web
813,create_note,2026-02-04,web
814,login,2026-02-13,web
814,view_note,2026-02-18,web
815,login,2026-02-26,web
815,create_note,2026-02-26,web
816,login,2026-02-05,web
816,view_note,2026-02-08,web
817,login,2026-02-07,web
817,view_note,2026-02-07,web
818,login,2026-02-26,web
818,view_note,2026-02-27,web
818,create_note,2026-02-26,web
819,login,2026-02-25,web
820,login,2026-02-17,web
820,view_note,2026-02-20,web
821,login,2026-02-10,web
822,login,2026-02-14,web
823,login,2026-02-18,web
824,login,2026-02-21,web
824,view_note,2026-02-25,web
825,login,2026-02-17,web
825,view_note,2026-02-22,web
826,login,2026-02-10,web
827,login,2026-03-02,web
827,view_note,2026-03-07,web
827,create_note,2026-03-02,web
828,login,2026-02-23,web
828,view_note,2026-02-28,web
829,login,2026-02-02,web
829,view_note,2026-02-03,web
830,login,2026-02-02,web
830,view_note,2026-02-07,web
830,create_note,2026-02-04,web
831,login,2026-02-22,web
832,login,2026-02-22,web
832,create_note,2026-02-25,web
833,login,2026-02-16,web
833,view_note,2026-02-16,web
834,login,2026-02-23,web
835,login,2026-02-27,web
835,view_note,2026-02-27,web
836,login,2026-02-20,web
836,view_note,2026-02-20,web
836,create_note,2026-02-24,web
837,login,2026-02-24,web
837,view_note,2026-02-25,web
837,create_note,2026-02-27,web
838,login,2026-02-20,web
838,create_note,2026-02-24,web
839,login,2026-02-24,web
839,view_note,2026-02-25,web
839,create_note,2026-02-24,web
840,login,2026-02-25,web
841,login,2026-03-03,web
841,view_note,2026-03-07,web
841,create_note,2026-03-05,web
842,login,2026-02-24,web
842,view_note,2026-02-28,web
842,create_note,2026-02-28,web
843,login,2026-02-05,web
843,view_note,2026-02-08,web
843,create_note,2026-02-05,web
844,login,2026-02-23,web
844,view_note,2026-02-23,web
844,create_note,2026-02-23,web
845,login,2026-02-08,web
845,view_note,2026-02-10,web
846,login,2026-02-15,web
846,view_note,2026-02-19,web
847,login,2026-02-07,web
847,view_note,2026-02-09,web
848,login,2026-02-06,web
848,view_note,2026-02-06,web
849,login,2026-02-12,web
849,view_note,2026-02-16,web
850,login,2026-02-24,web
850,create_note,2026-02-24,web
851,login,2026-02-28,web
851,view_note,2026-03-01,web
852,login,2026-02-26,web
852,create_note,2026-02-27,web
853,login,2026-02-02,web
853,view_note,2026-02-06,web
854,login,2026-02-13,web
854,create_note,2026-02-15,web
855,login,2026-02-20,web
855,create_note,2026-02-22,web
856,login,2026-02-25,web
856,view_note,2026-02-26,web
857,login,2026-02-11,web
858,login,2026-02-06,web
858,view_note,2026-02-11,web
859,login,2026-03-01,web
859,view_note,2026-03-05,web
860,login,2026-03-03,web
860,view_note,2026-03-06,web
861,login,2026-02-25,web
861,create_note,2026-02-28,web
862,login,2026-02-02,web
862,view_note,2026-02-04,web
863,login,2026-02-05,web
863,view_note,2026-02-06,web
863,create_note,2026-02-09,web
864,login,2026-02-12,web
864,view_note,2026-02-14,web
864,create_note,2026-02-17,web
865,login,2026-02-23,web
866,login,2026-02-26,web
866,view_note,2026-03-03,web
867,login,2026-02-14,web
867,view_note,2026-02-17,web
867,create_note,2026-02-14,web
868,login,2026-02-18,web
868,create_note,2026-02-21,web
869,login,2026-02-05,web
869,view_note,2026-02-08,web
870,login,2026-02-22,web
870,view_note,2026-02-27,web
871,login,2026-02-15,web
871,view_note,2026-02-19,web
871,create_note,2026-02-16,web
872,login,2026-02-13,web
873,login,2026-02-12,web
873,view_note,2026-02-17,web
874,login,2026-03-02,web
874,view_note,2026-03-04,web
874,create_note,2026-03-04,web
875,login,2026-02-24,web
875,create_note,2026-02-24,web
876,login,2026-02-21,web
876,view_note,2026-02-24,web
877,login,2026-02-22,web
878,login,2026-02-13,web
879,login,2026-02-13,web
879,view_note,2026-02-17,web
879,create_note,2026-02-17,web
880,login,2026-02-17,web
880,view_note,2026-02-20,web
881,login,2026-02-23,web
882,login,2026-02-12,web
882,view_note,2026-02-12,web
883,login,2026-02-20,web
883,view_note,2026-02-21,web
883,create_note,2026-02-20,web
884,login,2026-02-22,web
884,view_note,2026-02-25,web
884,create_note,2026-02-24,web
885,login,2026-02-25,web
885,view_note,2026-02-28,web
885,create_note,2026-02-27,web
886,login,2026-02-01,web
886,view_note,2026-02-01,web
886,create_note,2026-02-05,web
887,login,2026-02-03,web
888,login,2026-03-03,web
888,view_note,2026-03-08,web
889,login,2026-02-08,web
889,view_note,2026-02-11,web
890,login,2026-02-15,web
890,view_note,2026-02-15,web
891,login,2026-02-07,web
891,create_note,2026-02-08,web
892,login,2026-02-11,web
892,view_note,2026-02-14,web
892,create_note,2026-02-14,web
893,login,2026-03-01,web
893,view_note,2026-03-05,web
894,login,2026-02-11,web
894,view_note,2026-02-13,web
895,login,2026-02-04,web
896,login,2026-02-13,web
896,view_note,2026-02-17,web
896,create_note,2026-02-18,web
897,login,2026-02-27,web
897,view_note,2026-02-27,web
897,create_note,2026-03-03,web
898,login,2026-02-24,web
898,create_note,2026-02-25,web
899,login,2026-02-25,web
899,view_note,2026-03-01,web
899,create_note,2026-02-28,web
900,login,2026-02-09,web
900,view_note,2026-02-12,web
900,create_note,2026-02-10,web
901,login,2026-02-28,web
901,view_note,2026-03-04,web
902,login,2026-03-03,web
902,view_note,2026-03-04,web
903,login,2026-02-04,web
903,view_note,2026-02-08,web
903,create_note,2026-02-05,web
904,login,2026-02-12,web
904,create_note,2026-02-12,web
905,login,2026-02-27,web
905,view_note,2026-03-03,web
905,create_note,2026-03-04,web
906,login,2026-02-10,web
906,view_note,2026-02-10,web
907,login,2026-02-07,web
907,view_note,2026-02-10,web
907,create_note,2026-02-08,web
908,login,2026-02-16,web
908,view_note,2026-02-20,web
909,login,2026-02-14,web
909,view_note,2026-02-17,web
910,login,2026-02-01,web
910,view_note,2026-02-04,web
911,login,2026-02-28,web
912,login,2026-02-04,web
912,view_note,2026-02-06,web
912,create_note,2026-02-04,web
913,login,2026-02-11,web
913,view_note,2026-02-15,web
913,create_note,2026-02-14,web
914,login,2026-02-23,web
914,view_note,2026-02-24,web
915,login,2026-02-06,web
916,login,2026-03-01,web
916,view_note,2026-03-02,web
917,login,2026-02-05,web
917,view_note,2026-02-08,web
917,create_note,2026-02-08,web
918,login,2026-02-28,web
918,view_note,2026-03-02,web
919,login,2026-02-05,web
920,login,2026-02-10,web
921,login,2026-02-05,web
922,login,2026-02-24,web
922,view_note,2026-02-26,web
923,login,2026-03-02,web
923,create_note,2026-03-07,web
924,login,2026-02-14,web
925,login,2026-02-07,web
926,login,2026-02-02,web
926,create_note,2026-02-03,web
927,login,2026-02-28,web
927,view_note,2026-03-01,web
927,create_note,2026-03-05,web
928,login,2026-02-17,web
928,view_note,2026-02-21,web
929,login,2026-02-09,web
929,view_note,2026-02-12,web
930,login,2026-02-04,web
930,view_note,2026-02-04,web
930,create_note,2026-02-05,web
931,login,2026-03-01,web
931,view_note,2026-03-02,web
932,login,2026-02-25,web
932,view_note,2026-03-02,web
933,login,2026-03-03,web
934,login,2026-02-27,web
935,login,2026-02-15,web
935,view_note,2026-02-19,web
936,login,2026-02-08,web
936,create_note,2026-02-13,web
937,login,2026-02-10,web
937,view_note,2026-02-14,web
937,create_note,2026-02-15,web
938,login,2026-02-20,web
938,create_note,2026-02-21,web
939,login,2026-02-21,web
939,view_note,2026-02-24,web
940,login,2026-02-07,web
941,login,2026-02-18,web
941,view_note,2026-02-20,web
942,login,2026-02-27,web
942,view_note,2026-03-01,web
942,create_note,2026-03-02,web
943,login,2026-02-15,web
943,view_note,2026-02-16,web
944,login,2026-02-17,web
944,view_note,2026-02-19,web
944,create_note,2026-02-20,web
945,login,2026-02-06,web
945,view_note,2026-02-11,web
946,login,2026-02-02,web
946,view_note,2026-02-02,web
946,create_note,2026-02-03,web
947,login,2026-02-15,web
947,view_note,2026-02-18,web
948,login,2026-03-01,web
948,view_note,2026-03-01,web
948,create_note,2026-03-01,web
949,login,2026-02-26,web
949,view_note,2026-02-26,web
950,login,2026-02-20,web
950,create_note,2026-02-21,web
951,login,2026-03-02,web
951,view_note,2026-03-04,web
952,login,2026-02-17,web
952,create_note,2026-02-18,web
953,login,2026-02-28,web
953,view_note,2026-03-02,web
954,login,2026-02-14,web
954,view_note,2026-02-19,web
955,login,2026-02-19,web
955,view_note,2026-02-20,web
956,login,2026-02-20,web
956,view_note,2026-02-20,web
957,login,2026-02-13,web
957,view_note,2026-02-16,web
957,create_note,2026-02-17,web
958,login,2026-03-03,web
958,view_note,2026-03-06,web
959,login,2026-02-02,web
959,view_note,2026-02-04,web
959,create_note,2026-02-04,web
960,login,2026-02-24,web
961,login,2026-02-03,web
961,view_note,2026-02-05,web
962,login,2026-03-01,web
962,view_note,2026-03-03,web
963,login,2026-02-26,web
963,create_note,2026-02-26,web
964,login,2026-02-12,web
964,view_note,2026-02-13,web
965,login,2026-02-17,web
966,login,2026-02-03,web
966,view_note,2026-02-08,web
967,login,2026-02-12,web
967,view_note,2026-02-16,web
967,create_note,2026-02-12,web
968,login,2026-02-03,web
968,view_note,2026-02-08,web
969,login,2026-02-03,web
969,view_note,2026-02-06,web
970,login,2026-02-24,web
970,view_note,2026-02-25,web
971,login,2026-02-11,web
972,login,2026-02-23,web
972,view_note,2026-02-25,web
973,login,2026-02-23,web
973,view_note,2026-02-25,web
974,login,2026-02-15,web
974,view_note,2026-02-19,web
975,login,2026-02-08,web
975,view_note,2026-02-10,web
975,create_note,2026-02-10,web
976,login,2026-02-01,web
976,view_note,2026-02-03,web
977,login,2026-02-25,web
977,view_note,2026-02-27,web
977,create_note,2026-03-02,web
978,login,2026-02-23,web
978,view_note,2026-02-24,web
978,create_note,2026-02-27,web
979,login,2026-02-19,web
980,login,2026-02-11,web
981,login,2026-02-18,web
982,login,2026-02-01,web
982,view_note,2026-02-06,web
983,login,2026-02-10,web
983,create_note,2026-02-14,web
984,login,2026-02-22,web
984,view_note,2026-02-27,web
984,create_note,2026-02-27,web
985,login,2026-02-08,web
986,login,2026-03-01,web
986,view_note,2026-03-01,web
986,create_note,2026-03-04,web
987,login,2026-02-26,web
987,view_note,2026-02-28,web
988,login,2026-02-05,web
988,view_note,2026-02-10,web
989,login,2026-02-25,web
989,create_note,2026-03-01,web
990,login,2026-02-26,web
990,view_note,2026-02-28,web
991,login,2026-02-24,web
991,create_note,2026-02-26,web
992,login,2026-02-05,web
993,login,2026-02-14,web
993,view_note,2026-02-16,web
994,login,2026-03-02,web
995,login,2026-02-04,web
995,view_note,2026-02-05,web
996,login,2026-02-14,web
996,view_note,2026-02-15,web
997,login,2026-02-13,web
997,view_note,2026-02-15,web
997,create_note,2026-02-14,web
998,login,2026-02-21,web
998,view_note,2026-02-23,web
999,login,2026-02-11,web
999,view_note,2026-02-12,web
1000,login,2026-02-04,web
